Name, Height (Inches), Height(Feet-Inches), Weight,Rk,Pos,Age,Tm,G,GS,MP,FG,FGA,FG%,3P,3PA,3P%,2P,2PA,2P%,eFG%,FT,FTA,FT%,ORB,DRB,TRB,AST,STL,BLK,TOV,PF,PTS
A.J. Price,74, 6-2,181,373,PG,28,TOT,26,0,12.5,2.0,5.3,.372,0.6,2.2,.263,1.4,3.1,.450,.427,0.6,0.9,.667,0.2,1.0,1.2,1.8,0.3,0.0,0.5,0.6,5.1
Aaron Brooks,72, 6-0,161,63,PG,30,CHI,82,21,23.0,4.2,10.0,.421,1.5,3.8,.387,2.7,6.1,.442,.495,1.8,2.1,.833,0.4,1.6,2.0,3.2,0.7,0.2,1.9,2.3,11.6
Al Horford,82, 6-10,245,222,C,28,ATL,76,76,30.5,6.8,12.7,.538,0.1,0.5,.306,6.7,12.2,.547,.544,1.4,1.9,.759,1.7,5.4,7.2,3.2,0.9,1.3,1.3,1.6,15.2
Al Jefferson,82, 6-10,265,236,C,30,CHO,65,61,30.6,7.5,15.5,.481,0.0,0.1,.400,7.4,15.5,.482,.482,1.7,2.5,.655,1.5,6.9,8.4,1.7,0.7,1.3,1.0,2.1,16.6
Al-Farouq Aminu,81, 6-9,215,12,SF,24,DAL,74,3,18.5,2.0,4.8,.412,0.5,1.7,.274,1.5,3.1,.485,.459,1.1,1.6,.712,1.5,3.1,4.6,0.8,0.9,0.8,0.7,1.9,5.6
Alan Anderson,78, 6-6,220,15,SG,32,BRK,74,19,23.6,2.6,5.9,.443,1.0,2.8,.348,1.6,3.1,.530,.526,1.1,1.4,.812,0.4,2.3,2.8,1.1,0.8,0.1,0.8,2.0,7.4
Alec Burks,78, 6-6,195,72,SG,23,UTA,27,27,33.3,4.5,11.1,.403,1.0,2.5,.382,3.5,8.6,.409,.447,3.9,4.8,.822,0.7,3.5,4.2,3.0,0.6,0.2,1.9,2.4,13.9
Alex Len,85, 7-1,255,279,C,21,PHO,69,44,22.0,2.6,5.1,.507,0.0,0.0,.333,2.6,5.1,.509,.508,1.1,1.5,.702,2.1,4.5,6.6,0.5,0.5,1.5,1.1,3.1,6.3
Alexey Shved,78, 6-6,190,408,SG,26,TOT,42,9,18.3,3.2,8.0,.397,1.1,3.3,.338,2.0,4.7,.439,.467,2.9,3.6,.807,0.5,1.8,2.4,2.5,0.7,0.1,1.1,1.1,10.3
Allen Crabbe,78, 6-6,210,106,SG,22,POR,51,9,13.4,1.2,3.0,.412,0.6,1.7,.353,0.6,1.3,.485,.510,0.2,0.3,.750,0.1,1.3,1.4,0.8,0.4,0.3,0.3,1.5,3.3
Alonzo Gee,78, 6-6,220,169,SF,27,TOT,54,2,12.3,1.6,3.4,.468,0.2,0.6,.371,1.4,2.8,.490,.503,1.0,1.4,.701,0.7,1.1,1.7,0.5,0.6,0.1,0.6,1.1,4.5
Amar'e Stoudemire,82, 6-10,245,427,PF,32,TOT,59,15,21.1,4.6,8.3,.557,0.0,0.1,.000,4.6,8.2,.562,.557,2.3,3.2,.720,1.9,3.7,5.6,0.8,0.5,0.6,1.3,2.7,11.5
Amir Johnson,81, 6-9,210,243,PF,27,TOR,75,72,26.4,4.0,6.9,.574,0.3,0.6,.413,3.7,6.3,.590,.592,1.1,1.7,.612,2.1,4.0,6.1,1.6,0.6,0.8,1.5,3.0,9.3
Anderson Varejao,82, 6-10,230,453,C,32,CLE,26,26,24.5,4.3,7.7,.555,0.0,0.1,.000,4.3,7.6,.561,.555,1.3,1.7,.733,2.2,4.3,6.5,1.3,0.7,0.6,1.3,2.2,9.8
Andre Drummond,82, 6-10,270,135,C,21,DET,82,82,30.5,6.0,11.7,.514,0.0,0.0,.000,6.0,11.7,.515,.514,1.7,4.5,.389,5.3,8.1,13.5,0.7,0.9,1.9,1.5,3.5,13.8
Andre Iguodala,78, 6-6,207,228,SF,31,GSW,77,0,26.9,3.0,6.4,.466,1.0,2.8,.349,2.0,3.7,.553,.540,0.9,1.5,.596,0.6,2.8,3.3,3.0,1.2,0.3,1.1,1.3,7.8
Andre Miller,74, 6-2,200,318,PG,38,TOT,81,0,15.5,1.8,3.6,.500,0.1,0.4,.206,1.7,3.2,.539,.512,0.7,1.0,.753,0.5,1.4,1.9,3.5,0.4,0.1,1.3,1.3,4.4
Andre Roberson,79, 6-7,210,386,SG,23,OKC,67,65,19.2,1.4,3.0,.458,0.3,1.3,.247,1.1,1.7,.612,.510,0.3,0.7,.479,0.9,2.9,3.8,1.0,0.8,0.4,0.7,2.1,3.4
Andrea Bargnani,84, 7-0,225,31,C,29,NYK,29,22,27.1,5.7,12.4,.454,0.5,1.4,.366,5.1,11.0,.466,.475,3.0,3.7,.813,1.1,3.3,4.4,1.6,0.1,0.9,1.4,1.8,14.8
Andrew Nicholson,81, 6-9,250,342,PF,25,ORL,40,3,12.3,2.1,4.8,.437,0.3,1.0,.317,1.8,3.7,.470,.471,0.4,0.6,.600,0.4,1.6,2.1,0.6,0.2,0.3,0.6,1.3,4.9
Anthony Bennett,80, 6-8,240,45,PF,21,MIN,57,3,15.7,2.2,5.2,.421,0.1,0.4,.304,2.1,4.8,.431,.433,0.7,1.1,.641,0.9,2.9,3.8,0.8,0.5,0.3,0.6,1.5,5.2
Anthony Davis,82, 6-10,220,117,PF,21,NOP,68,68,36.1,9.4,17.6,.535,0.0,0.2,.083,9.4,17.5,.540,.536,5.5,6.8,.805,2.5,7.7,10.2,2.2,1.5,2.9,1.4,2.1,24.4
Anthony Morrow,77, 6-5,210,333,SG,29,OKC,74,0,24.4,3.9,8.3,.463,1.9,4.4,.434,1.9,3.9,.497,.578,1.1,1.2,.888,0.5,2.1,2.6,0.8,0.7,0.1,0.5,1.8,10.7
Anthony Tolliver,80, 6-8,240,445,PF,29,TOT,76,11,18.8,2.1,5.2,.410,1.4,3.8,.366,0.7,1.4,.534,.545,0.7,0.9,.783,0.7,2.4,3.1,0.8,0.3,0.2,0.7,1.8,6.3
Archie Goodwin,77, 6-5,198,175,SG,20,PHO,41,2,13.0,1.9,4.9,.393,0.3,1.0,.293,1.6,3.9,.419,.423,1.5,2.0,.735,0.7,1.1,1.8,1.1,0.4,0.2,1.2,1.3,5.6
Aron Baynes,82, 6-10,260,39,C,28,SAS,70,17,16.0,2.6,4.7,.566,0.0,0.1,.250,2.6,4.6,.570,.567,1.3,1.5,.865,1.6,3.0,4.5,0.5,0.2,0.3,0.9,2.3,6.6
Arron Afflalo,77, 6-5,215,5,SG,29,TOT,78,72,32.1,4.8,11.3,.424,1.5,4.3,.354,3.3,7.1,.466,.491,2.1,2.5,.843,0.3,2.8,3.2,1.7,0.5,0.1,1.5,2.1,13.3
Austin Daye,83, 6-11,200,121,SF,26,TOT,34,4,10.1,1.5,4.1,.355,0.7,2.1,.338,0.8,2.1,.371,.440,0.1,0.2,.833,0.3,1.9,2.2,0.5,0.4,0.1,0.7,1.1,3.8
Austin Rivers,76, 6-4,200,385,PG-SG,22,TOT,76,5,20.6,2.7,6.5,.409,0.5,1.7,.298,2.2,4.8,.449,.449,1.1,1.7,.675,0.4,1.6,2.0,2.0,0.6,0.2,0.9,1.9,7.0
Avery Bradley,74, 6-2,180,60,SG,24,BOS,77,77,31.5,5.6,13.1,.429,1.6,4.6,.352,4.0,8.6,.470,.490,1.0,1.3,.790,0.6,2.5,3.1,1.8,1.1,0.2,1.4,2.3,13.9
Ben Gordon,75, 6-3,200,177,SG,31,ORL,56,0,14.1,2.3,5.3,.437,0.6,1.7,.361,1.7,3.5,.475,.497,1.0,1.2,.836,0.1,1.0,1.1,0.9,0.3,0.0,1.0,1.1,6.2
Ben McLemore,77, 6-5,195,311,SG,21,SAC,82,82,32.6,4.4,10.1,.437,1.7,4.8,.358,2.7,5.4,.507,.521,1.6,2.0,.813,0.4,2.6,2.9,1.7,0.9,0.2,1.7,2.7,12.1
Beno Udrih,75, 6-3,205,451,PG,32,MEM,79,12,18.9,3.1,6.4,.487,0.3,1.2,.268,2.8,5.2,.539,.513,1.1,1.3,.853,0.3,1.6,1.8,2.8,0.6,0.1,1.1,1.1,7.7
Blake Griffin,82, 6-10,251,190,PF,25,LAC,67,67,35.2,8.6,17.1,.502,0.1,0.4,.400,8.4,16.7,.504,.506,4.6,6.4,.728,1.9,5.7,7.6,5.3,0.9,0.5,2.3,2.9,21.9
Boris Diaw,80, 6-8,215,126,PF,32,SAS,81,15,24.5,3.6,7.8,.460,0.7,2.1,.320,2.9,5.7,.512,.503,0.9,1.1,.774,1.0,3.3,4.3,2.9,0.4,0.3,1.6,1.8,8.7
Bradley Beal,75, 6-3,207,41,SG,21,WAS,63,59,33.4,5.8,13.5,.427,1.7,4.1,.409,4.1,9.4,.434,.489,2.1,2.6,.783,0.9,2.9,3.8,3.1,1.2,0.3,2.0,2.2,15.3
Brandan Wright,81, 6-9,205,485,PF,27,TOT,75,7,19.3,3.1,4.8,.642,0.0,0.0,.000,3.1,4.8,.647,.642,1.0,1.5,.696,1.7,2.6,4.3,0.5,0.7,1.3,0.5,1.4,7.3
Brandon Bass,80, 6-8,240,36,PF,29,BOS,82,43,23.5,4.2,8.3,.504,0.1,0.4,.281,4.1,7.9,.515,.510,2.1,2.6,.790,1.7,3.2,4.9,1.3,0.5,0.4,1.0,1.7,10.6
Brandon Davies,82, 6-10,240,116,PF,23,TOT,27,6,15.7,2.0,5.1,.401,0.3,1.3,.235,1.7,3.8,.456,.431,0.9,1.4,.649,1.4,1.7,3.1,1.1,0.7,0.3,1.1,2.2,5.3
Brandon Jennings,73, 6-1,169,240,PG,25,DET,41,41,28.6,5.3,13.2,.401,1.9,5.1,.360,3.5,8.1,.428,.471,2.9,3.5,.839,0.5,2.0,2.5,6.6,1.1,0.1,2.2,1.6,15.4
Brandon Knight,75, 6-3,189,265,PG-SG,23,TOT,63,61,32.3,6.0,14.1,.422,2.0,5.1,.389,4.0,9.0,.441,.493,3.1,3.5,.874,0.4,3.4,3.9,5.2,1.4,0.2,3.0,1.8,17.0
Brandon Rush,78, 6-6,210,396,SG,29,GSW,33,0,8.2,0.3,1.6,.204,0.1,0.8,.111,0.2,0.8,.296,.231,0.2,0.3,.455,0.1,1.1,1.2,0.4,0.2,0.4,0.3,0.8,0.9
Brian Roberts,73, 6-1,180,387,PG,29,CHO,72,10,18.5,2.4,6.3,.389,0.9,2.7,.321,1.6,3.6,.440,.458,0.9,1.0,.892,0.2,1.3,1.5,2.3,0.5,0.1,0.8,1.0,6.7
Brook Lopez,84, 7-0,260,286,C,26,BRK,72,44,29.2,7.0,13.7,.513,0.0,0.1,.100,7.0,13.6,.517,.513,3.1,3.8,.814,3.0,4.5,7.4,0.7,0.6,1.8,1.4,2.9,17.2
C.J. Miles,78, 6-6,210,317,SG,27,IND,70,40,26.3,4.7,11.8,.398,2.2,6.4,.345,2.5,5.4,.459,.491,1.9,2.3,.807,0.3,2.8,3.1,1.1,0.9,0.4,1.0,1.9,13.5
C.J. Watson,74, 6-2,180,465,PG,30,IND,57,21,24.9,3.2,7.3,.434,1.2,3.1,.400,1.9,4.2,.459,.518,2.4,2.9,.826,0.3,2.5,2.9,3.6,1.0,0.2,1.8,1.9,10.0
Carmelo Anthony,80, 6-8,230,19,SF,30,NYK,40,40,35.7,9.0,20.2,.444,1.5,4.5,.341,7.4,15.7,.474,.482,4.7,5.9,.797,1.8,4.8,6.6,3.1,1.0,0.4,2.2,2.2,24.2
Caron Butler,79, 6-7,217,73,SF,34,DET,78,21,20.8,2.1,5.1,.407,1.1,2.8,.379,1.0,2.3,.441,.511,0.7,0.8,.902,0.3,2.2,2.5,1.0,0.6,0.1,0.6,1.5,5.9
Chandler Parsons,81, 6-9,200,359,SF,26,DAL,66,66,33.1,5.8,12.6,.462,2.0,5.3,.380,3.8,7.3,.521,.542,2.1,2.9,.720,1.0,3.9,4.9,2.4,1.0,0.3,1.5,2.1,15.7
Channing Frye,83, 6-11,248,161,PF,31,ORL,75,51,24.9,2.5,6.5,.392,1.8,4.6,.393,0.7,1.9,.390,.532,0.4,0.5,.886,0.4,3.5,3.9,1.3,0.6,0.5,1.0,2.5,7.3
Charlie Villanueva,83, 6-11,240,455,PF,30,DAL,64,1,10.6,2.3,5.7,.414,1.3,3.5,.376,1.0,2.2,.475,.529,0.3,0.5,.571,0.5,1.9,2.3,0.3,0.2,0.3,0.4,1.0,6.3
Chase Budinger,79, 6-7,218,69,SF,26,MIN,67,4,19.2,2.5,5.8,.433,0.8,2.1,.364,1.7,3.7,.474,.500,1.0,1.2,.827,0.5,2.5,3.0,1.0,0.7,0.1,0.7,1.1,6.8
Chris Andersen,82, 6-10,230,14,C,36,MIA,60,20,18.9,2.0,3.5,.580,0.1,0.2,.308,1.9,3.2,.598,.589,1.3,1.9,.667,1.3,3.7,5.0,0.7,0.4,1.0,0.7,1.5,5.3
Chris Bosh,82, 6-10,228,59,C,30,MIA,44,44,35.4,7.8,16.9,.460,1.4,3.8,.375,6.4,13.1,.485,.503,4.1,5.3,.772,1.0,6.0,7.0,2.2,0.9,0.6,2.2,1.6,21.1
Chris Copeland,81, 6-9,235,102,SF,30,IND,50,12,16.6,2.2,6.2,.361,1.0,3.3,.311,1.2,2.9,.420,.445,0.7,0.9,.733,0.5,1.8,2.2,1.0,0.2,0.2,1.2,1.6,6.2
Chris Douglas-Roberts,79, 6-7,200,131,SG,28,LAC,12,0,8.6,0.4,1.8,.238,0.1,0.6,.143,0.3,1.2,.286,.262,0.7,0.7,1.000,0.1,0.9,1.0,0.3,0.1,0.0,0.0,1.2,1.6
Chris Johnson,78, 6-6,201,244,SF,24,TOT,29,2,18.1,2.1,5.3,.403,1.0,3.3,.295,1.2,2.0,.576,.494,0.5,0.6,.875,0.3,1.6,1.9,0.5,0.9,0.2,0.5,1.5,5.7
Chris Johnson,83, 6-11,210,244,SF,24,PHI,9,2,20.8,2.1,6.7,.317,1.1,4.3,.256,1.0,2.3,.429,.400,0.7,0.9,.750,0.3,2.6,2.9,0.3,1.0,0.6,1.0,2.1,6.0
Chris Paul,72, 6-0,175,361,PG,29,LAC,82,82,34.8,6.9,14.3,.485,1.7,4.3,.398,5.2,10.0,.523,.545,3.5,3.9,.900,0.6,4.0,4.6,10.2,1.9,0.2,2.3,2.5,19.1
Cody Zeller,84, 7-0,240,491,C,22,CHO,62,45,24.0,2.8,6.0,.461,0.0,0.0,1.000,2.8,6.0,.460,.462,2.0,2.6,.774,1.6,4.3,5.8,1.6,0.5,0.8,1.0,2.5,7.6
Corey Brewer,81, 6-9,185,62,SF,28,TOT,80,17,26.1,4.3,10.1,.426,0.8,2.9,.268,3.5,7.1,.491,.465,2.1,2.8,.743,1.0,2.7,3.7,2.2,1.4,0.2,1.6,2.2,11.5
Cory Joseph,75, 6-3,185,256,PG,23,SAS,79,14,18.3,2.6,5.2,.504,0.2,0.6,.364,2.4,4.6,.520,.523,1.3,1.8,.734,0.6,1.9,2.4,2.4,0.6,0.2,0.8,1.3,6.8
Courtney Lee,77, 6-5,200,276,SG,29,MEM,77,74,30.6,3.7,8.4,.448,1.2,2.9,.402,2.6,5.4,.473,.518,1.4,1.7,.860,0.3,2.0,2.3,2.0,1.0,0.2,1.0,1.7,10.1
D.J. Augustin,72, 6-0,180,25,PG,27,TOT,82,14,24.0,3.1,7.9,.399,1.0,3.0,.337,2.1,4.9,.436,.463,2.2,2.5,.868,0.2,1.7,2.0,4.3,0.6,0.0,1.8,1.1,9.5
Dahntay Jones,78, 6-6,210,250,SF,34,LAC,33,0,3.7,0.2,0.6,.286,0.0,0.1,.000,0.2,0.5,.353,.286,0.3,0.3,.818,0.0,0.3,0.3,0.1,0.1,0.0,0.0,0.7,0.6
Damian Lillard,75, 6-3,195,283,PG,24,POR,82,82,35.7,7.2,16.6,.434,2.4,7.0,.343,4.8,9.6,.500,.506,4.2,4.9,.864,0.6,4.0,4.6,6.2,1.2,0.3,2.7,2.0,21.0
Danilo Gallinari,82, 6-10,225,162,SF,26,DEN,59,27,24.2,3.9,9.6,.401,1.8,5.1,.355,2.1,4.5,.453,.496,2.9,3.2,.895,0.5,3.2,3.7,1.4,0.8,0.3,1.0,1.6,12.4
Danny Granger,80, 6-8,225,181,SF,31,MIA,30,6,20.4,2.2,5.4,.401,1.0,2.8,.357,1.2,2.6,.449,.494,0.9,1.2,.757,0.7,2.0,2.7,0.6,0.4,0.2,0.8,2.2,6.3
Danny Green,78, 6-6,210,183,SG,27,SAS,81,80,28.5,4.0,9.1,.436,2.4,5.6,.418,1.6,3.5,.466,.566,1.4,1.6,.874,0.7,3.6,4.2,2.0,1.2,1.1,1.1,2.0,11.7
Dante Cunningham,80, 6-8,230,109,PF,27,NOP,66,27,25.0,2.3,5.1,.457,0.0,0.2,.100,2.3,5.0,.468,.459,0.4,0.7,.617,1.1,2.8,3.9,0.8,0.7,0.6,0.5,1.5,5.2
Darius Morris,76, 6-4,190,330,PG,24,BRK,38,0,7.9,0.9,2.8,.340,0.2,0.9,.212,0.8,1.9,.397,.373,0.1,0.2,.444,0.2,0.5,0.7,1.3,0.2,0.0,0.6,0.5,2.2
Darrell Arthur,81, 6-9,225,23,PF,26,DEN,58,4,17.0,2.7,6.6,.404,0.4,1.9,.236,2.2,4.7,.471,.438,0.8,1.0,.780,0.9,2.0,2.9,1.0,0.8,0.4,0.8,2.5,6.6
Darren Collison,72, 6-0,160,98,PG,27,SAC,45,45,34.8,5.8,12.2,.473,1.3,3.6,.373,4.4,8.6,.514,.527,3.2,4.1,.788,0.4,2.8,3.2,5.6,1.5,0.3,2.5,2.1,16.1
David Lee,81, 6-9,249,277,PF,31,GSW,49,4,18.4,3.3,6.4,.511,0.0,0.0,.000,3.3,6.3,.514,.511,1.4,2.1,.654,1.7,3.6,5.2,1.7,0.6,0.5,1.0,1.7,7.9
David West,81, 6-9,240,469,PF,34,IND,66,66,28.7,4.9,10.4,.471,0.1,0.3,.200,4.8,10.1,.479,.474,1.8,2.4,.739,1.6,5.2,6.8,3.4,0.7,0.7,1.8,2.4,11.7
DeAndre Jordan,83, 6-11,250,254,C,26,LAC,82,82,34.4,4.6,6.5,.710,0.0,0.0,.250,4.6,6.5,.713,.711,2.3,5.7,.397,4.8,10.1,15.0,0.7,1.0,2.2,1.3,3.0,11.5
DeMar DeRozan,79, 6-7,220,125,SG,25,TOR,60,60,35.0,6.8,16.5,.413,0.4,1.5,.284,6.4,15.0,.426,.426,6.0,7.2,.832,0.7,3.9,4.6,3.5,1.2,0.2,2.3,2.0,20.1
DeMarcus Cousins,83, 6-11,270,104,C,24,SAC,59,59,34.1,8.4,18.1,.467,0.0,0.1,.250,8.4,17.9,.469,.468,7.2,9.2,.782,3.1,9.5,12.7,3.6,1.5,1.7,4.3,4.1,24.1
DeMarre Carroll,80, 6-8,212,84,SF,28,ATL,70,69,31.3,4.5,9.3,.487,1.7,4.3,.395,2.8,5.0,.567,.579,1.8,2.6,.702,1.4,3.9,5.3,1.7,1.3,0.2,1.1,2.2,12.6
Deron Williams,75, 6-3,210,475,PG,30,BRK,68,55,31.1,4.4,11.3,.387,1.3,3.5,.367,3.1,7.9,.395,.443,3.0,3.5,.834,0.4,3.1,3.5,6.6,0.9,0.3,2.3,2.3,13.0
Derrick Favors,82, 6-10,246,152,PF,23,UTA,74,74,30.8,6.5,12.4,.525,0.0,0.1,.167,6.5,12.3,.527,.526,3.0,4.5,.669,2.6,5.6,8.2,1.5,0.8,1.7,1.6,2.8,16.0
Derrick Rose,75, 6-3,190,392,PG,26,CHI,51,51,30.0,6.6,16.4,.405,1.5,5.3,.280,5.1,11.1,.465,.450,3.0,3.7,.813,0.7,2.5,3.2,4.9,0.7,0.3,3.2,1.2,17.7
Derrick Williams,80, 6-8,241,476,PF,23,SAC,74,6,19.8,2.9,6.6,.447,0.7,2.1,.314,2.3,4.4,.511,.498,1.8,2.6,.684,0.6,2.2,2.7,0.7,0.5,0.1,0.8,0.9,8.3
Devin Harris,75, 6-3,185,199,PG,31,DAL,76,3,22.2,2.9,6.9,.418,1.3,3.5,.357,1.6,3.4,.481,.509,1.7,2.1,.815,0.2,1.6,1.8,3.1,1.0,0.2,1.1,1.9,8.8
Dewayne Dedmon,84, 7-0,255,122,C,25,ORL,59,15,14.3,1.5,2.7,.562,0.0,0.0,.000,1.5,2.7,.565,.562,0.6,1.1,.531,2.0,3.0,5.0,0.2,0.3,0.8,0.9,2.4,3.7
Dion Waiters,76, 6-4,210,459,SG,23,TOT,80,23,27.6,4.7,11.8,.396,0.9,3.1,.297,3.8,8.8,.431,.435,1.5,2.2,.680,0.5,1.9,2.4,2.0,1.1,0.3,1.4,1.9,11.8
Dirk Nowitzki,84, 7-0,237,347,PF,36,DAL,77,77,29.6,6.3,13.8,.459,1.4,3.6,.380,5.0,10.2,.486,.508,3.3,3.8,.882,0.6,5.4,5.9,1.9,0.5,0.4,1.1,2.1,17.3
Donald Sloan,75, 6-3,205,411,PG,27,IND,53,21,20.9,2.7,6.7,.408,0.8,2.5,.313,2.0,4.2,.464,.466,1.1,1.5,.779,0.2,2.5,2.7,3.6,0.4,0.0,1.2,0.9,7.4
Donatas Motiejunas,84, 7-0,222,334,PF,24,HOU,71,62,28.7,5.0,9.9,.504,0.7,1.9,.368,4.3,8.0,.536,.539,1.4,2.3,.602,1.9,4.0,5.9,1.8,0.8,0.5,1.7,2.9,12.0
Dorell Wright,79, 6-7,200,486,SF,29,POR,48,2,12.3,1.5,4.0,.379,0.9,2.3,.380,0.6,1.7,.378,.487,0.7,0.9,.810,0.3,2.0,2.3,0.9,0.4,0.2,0.4,1.1,4.6
Draymond Green,79, 6-7,230,184,PF,24,GSW,79,79,31.5,4.3,9.7,.443,1.4,4.2,.337,2.9,5.5,.523,.516,1.7,2.5,.660,1.4,6.7,8.2,3.7,1.6,1.3,1.7,3.2,11.7
Drew Gooden,82, 6-10,230,174,PF,33,WAS,51,7,16.9,2.2,5.4,.399,0.5,1.2,.390,1.7,4.3,.401,.440,0.7,0.9,.773,1.4,3.0,4.4,1.0,0.4,0.2,0.5,1.8,5.4
Dwight Buycks,75, 6-3,190,76,PG,25,LAL,6,0,20.5,3.0,6.7,.450,1.2,1.8,.636,1.8,4.8,.379,.538,1.5,1.7,.900,0.3,1.7,2.0,2.3,0.5,0.0,2.0,0.5,8.7
Dwight Howard,83, 6-11,240,223,C,29,HOU,41,41,29.8,6.1,10.3,.593,0.0,0.0,.500,6.1,10.3,.594,.595,3.5,6.6,.528,2.7,7.8,10.5,1.2,0.7,1.3,2.8,3.3,15.8
Dwyane Wade,76, 6-4,212,458,SG,33,MIA,62,62,31.8,8.2,17.5,.470,0.5,1.6,.284,7.7,15.8,.489,.483,4.6,6.0,.768,0.9,2.6,3.5,4.8,1.2,0.3,3.4,1.7,21.5
E'Twaun Moore,76, 6-4,191,328,SG,25,CHI,56,0,9.0,1.1,2.5,.446,0.2,0.7,.342,0.9,1.8,.485,.493,0.2,0.4,.600,0.2,0.6,0.8,0.6,0.4,0.1,0.3,0.8,2.7
Earl Barron,84, 7-0,245,34,C,33,PHO,16,1,8.9,0.8,2.4,.308,0.1,0.3,.500,0.6,2.2,.286,.333,0.4,0.8,.500,0.9,0.9,1.8,0.3,0.3,0.1,0.3,1.6,2.0
Earl Clark,82, 6-10,225,93,PF,27,BRK,10,0,9.3,1.1,3.0,.367,0.4,1.4,.286,0.7,1.6,.438,.433,0.1,0.4,.250,0.1,2.2,2.3,0.3,0.3,0.4,0.6,1.2,2.7
Elliot Williams,77, 6-5,180,477,SG,25,TOT,13,0,9.2,1.1,2.8,.378,0.6,1.4,.444,0.5,1.5,.316,.486,0.1,0.3,.250,0.0,0.6,0.6,0.9,0.3,0.0,0.3,0.9,2.8
Elton Brand,80, 6-8,275,61,C,35,ATL,36,4,13.5,1.2,2.6,.442,0.0,0.0,.000,1.2,2.6,.447,.442,0.3,0.6,.522,0.8,2.0,2.8,0.6,0.5,0.7,0.5,1.5,2.7
Enes Kanter,83, 6-11,262,258,C,22,TOT,75,74,28.5,6.4,12.4,.519,0.2,0.6,.356,6.2,11.8,.528,.528,2.4,3.1,.782,3.7,5.3,8.9,0.7,0.5,0.4,1.9,2.5,15.5
Eric Bledsoe,73, 6-1,190,52,PG,25,PHO,81,81,34.6,5.8,12.9,.447,1.1,3.4,.324,4.7,9.6,.491,.489,4.4,5.4,.800,0.9,4.3,5.2,6.1,1.6,0.6,3.4,2.3,17.0
Eric Gordon,76, 6-4,215,179,SG,26,NOP,61,60,33.1,4.7,11.4,.411,2.3,5.2,.448,2.4,6.2,.380,.512,1.8,2.2,.805,0.5,2.1,2.6,3.8,0.8,0.2,2.0,2.4,13.4
Ersan Ilyasova,81, 6-9,235,229,PF,27,MIL,58,36,22.7,4.5,9.6,.472,1.3,3.3,.389,3.3,6.3,.515,.539,1.2,1.8,.645,1.4,3.4,4.8,1.0,0.6,0.3,0.8,2.6,11.5
Evan Fournier,78, 6-6,190,155,SG,22,ORL,58,32,28.6,4.4,9.9,.440,1.5,3.9,.378,2.9,6.0,.480,.514,1.8,2.5,.728,0.5,2.2,2.6,2.1,0.7,0.0,1.4,2.0,12.0
Evan Turner,79, 6-7,205,449,SG,26,BOS,82,57,27.6,3.9,9.1,.429,0.4,1.5,.277,3.5,7.6,.458,.451,1.3,1.7,.752,0.5,4.6,5.1,5.5,1.0,0.2,2.4,2.2,9.5
Francisco Garcia,79, 6-7,195,164,SF,33,HOU,14,0,14.3,1.2,4.5,.270,0.7,3.2,.222,0.5,1.3,.389,.349,0.1,0.3,.250,0.2,1.0,1.2,1.1,0.6,0.4,0.7,1.4,3.2
Garrett Temple,78, 6-6,190,434,SG,28,WAS,52,18,14.1,1.3,3.3,.400,0.6,1.7,.375,0.7,1.6,.427,.497,0.7,0.9,.729,0.5,1.3,1.7,1.1,0.8,0.2,0.7,1.5,3.9
Gary Neal,76, 6-4,210,340,SG,30,TOT,54,1,22.1,3.5,9.3,.374,0.9,3.0,.305,2.6,6.3,.407,.423,2.2,2.5,.867,0.3,2.1,2.4,1.9,0.4,0.0,1.2,1.6,10.1
George Hill,74, 6-2,180,214,PG,28,IND,43,36,29.5,5.9,12.4,.477,1.6,4.5,.358,4.3,8.0,.544,.541,2.6,3.3,.790,0.6,3.6,4.2,5.1,1.0,0.3,1.6,2.6,16.1
Gerald Green,80, 6-8,200,186,SG,29,PHO,74,4,19.5,4.4,10.5,.416,1.9,5.2,.354,2.5,5.3,.478,.504,1.3,1.6,.825,0.4,2.1,2.5,1.2,0.6,0.2,1.4,2.0,11.9
Gerald Henderson,74, 6-2,175,208,SG,27,CHO,80,72,28.9,4.6,10.6,.437,0.6,1.7,.331,4.1,8.9,.457,.463,2.3,2.7,.848,0.5,3.0,3.4,2.6,0.6,0.3,1.4,1.7,12.1
Gerald Wallace,79, 6-7,215,463,SF,32,BOS,32,0,8.9,0.4,1.1,.412,0.0,0.1,.333,0.4,1.0,.419,.426,0.2,0.5,.400,0.5,1.3,1.8,0.3,0.5,0.1,0.6,0.6,1.1
Giannis Antetokounmpo,81, 6-9,210,18,SG,20,MIL,81,71,31.4,4.7,9.6,.491,0.1,0.5,.159,4.6,9.1,.511,.496,3.2,4.3,.741,1.2,5.5,6.7,2.6,0.9,1.0,2.1,3.1,12.7
Glen Davis,81, 6-9,289,119,PF,29,LAC,74,0,12.2,1.6,3.4,.459,0.0,0.1,.000,1.6,3.4,.466,.459,0.8,1.3,.632,0.6,1.7,2.3,0.5,0.6,0.3,0.5,1.8,4.0
Glen Rice,78, 6-6,206,382,SG,24,WAS,5,0,8.6,0.6,3.0,.200,0.2,1.4,.143,0.4,1.6,.250,.233,0.8,1.2,.667,0.4,0.4,0.8,0.4,0.0,0.0,0.4,2.2,2.2
Glenn Robinson,79, 6-7,225,388,SG-SF,21,TOT,35,1,7.5,0.7,1.9,.388,0.1,0.5,.263,0.6,1.4,.438,.425,0.5,0.7,.667,0.4,0.7,1.1,0.3,0.2,0.0,0.3,0.4,2.1
Goran Dragic,76, 6-4,180,132,SG-PG,28,TOT,78,78,33.8,6.4,12.8,.501,1.2,3.3,.347,5.3,9.5,.555,.546,2.3,3.0,.774,1.0,2.5,3.5,4.5,1.0,0.2,2.2,2.5,16.3
Gordon Hayward,80, 6-8,207,206,SF,24,UTA,76,76,34.4,6.4,14.3,.445,1.6,4.3,.364,4.8,10.0,.481,.500,4.9,6.1,.812,0.7,4.2,4.9,4.1,1.4,0.4,2.7,1.7,19.3
Gorgui Dieng,83, 6-11,245,127,C,25,MIN,73,49,30.0,3.5,7.0,.506,0.0,0.1,.167,3.5,6.9,.510,.507,2.6,3.3,.783,3.1,5.3,8.3,2.0,1.0,1.7,1.7,2.6,9.7
Greivis Vasquez,78, 6-6,200,454,PG,28,TOR,82,29,24.3,3.6,8.8,.408,1.6,4.3,.379,2.0,4.6,.436,.500,0.6,0.8,.758,0.3,2.4,2.6,3.7,0.6,0.1,1.5,2.2,9.5
Harrison Barnes,80, 6-8,210,32,SF,22,GSW,82,82,28.3,3.9,8.0,.482,1.1,2.6,.405,2.8,5.4,.519,.548,1.3,1.8,.720,1.4,4.1,5.5,1.4,0.7,0.2,0.9,1.8,10.1
Hedo Turkoglu,82, 6-10,220,448,SF,35,LAC,62,2,11.4,1.3,3.0,.441,1.0,2.2,.432,0.4,0.8,.469,.601,0.1,0.2,.545,0.1,1.5,1.6,0.6,0.3,0.1,0.5,1.1,3.7
Henry Sims,82, 6-10,245,409,C,24,PHI,73,32,19.2,3.3,6.9,.474,0.1,0.3,.182,3.2,6.6,.488,.478,1.5,1.9,.774,1.7,3.3,4.9,1.1,0.5,0.4,1.4,1.8,8.0
Hollis Thompson,80, 6-8,206,440,SG,23,PHI,71,23,25.0,3.2,7.6,.413,1.6,4.0,.401,1.5,3.6,.426,.518,0.9,1.3,.708,0.7,2.0,2.8,1.2,0.8,0.4,0.9,2.0,8.8
Ian Clark,75, 6-3,175,94,SG,23,TOT,30,0,6.4,0.6,1.8,.345,0.3,1.0,.333,0.3,0.8,.360,.436,0.3,0.3,1.000,0.1,0.4,0.5,0.4,0.3,0.1,0.3,0.7,1.9
Iman Shumpert,77, 6-5,212,407,SG,24,TOT,62,25,24.9,3.1,7.6,.410,1.1,3.2,.342,2.0,4.4,.458,.481,0.7,1.0,.672,0.9,2.7,3.6,2.2,1.3,0.3,1.5,2.2,8.0
Isaiah Canaan,72, 6-0,188,82,PG,23,TOT,47,21,20.0,3.1,8.0,.386,1.9,5.2,.370,1.2,2.8,.417,.507,1.0,1.3,.817,0.4,1.5,1.9,2.1,0.6,0.1,1.3,1.8,9.2
Isaiah Thomas,69, 5-9,185,436,PG,25,TOT,67,1,25.8,5.0,11.9,.420,1.9,5.2,.373,3.1,6.7,.457,.501,4.5,5.2,.868,0.5,1.8,2.3,4.2,0.9,0.1,2.1,2.2,16.4
J.J. Hickson,81, 6-9,242,212,C,26,DEN,73,8,19.3,3.0,6.3,.475,0.0,0.0,.000,3.0,6.3,.477,.475,1.6,2.8,.577,2.1,4.1,6.2,0.8,0.5,0.5,1.3,1.9,7.6
J.J. Redick,76, 6-4,190,381,SG,30,LAC,78,78,30.9,5.7,12.0,.477,2.6,5.9,.437,3.2,6.2,.515,.583,2.3,2.6,.901,0.3,1.9,2.1,1.8,0.5,0.1,1.2,1.7,16.4
J.R. Smith,78, 6-6,220,415,SG,29,TOT,70,51,29.7,4.5,10.8,.417,2.3,6.1,.383,2.2,4.7,.462,.525,0.8,1.0,.750,0.4,2.7,3.1,2.8,1.2,0.3,1.4,2.3,12.1
Jae Crowder,79, 6-7,240,108,SF,24,TOT,82,17,20.1,2.8,6.6,.420,0.7,2.5,.293,2.0,4.1,.499,.476,1.3,1.7,.773,0.9,2.7,3.6,1.1,0.9,0.3,0.6,1.7,7.7
Jamal Crawford,78, 6-6,185,107,SG,34,LAC,64,4,26.6,5.2,13.1,.396,1.9,5.7,.327,3.3,7.4,.448,.467,3.5,3.9,.901,0.3,1.7,1.9,2.5,0.9,0.2,1.4,1.7,15.8
Jameer Nelson,72, 6-0,190,341,PG,32,TOT,63,29,22.3,3.3,8.0,.407,1.4,4.1,.345,1.8,3.9,.472,.495,0.4,0.6,.667,0.5,1.8,2.3,4.0,0.7,0.1,1.7,2.2,8.3
James Harden,77, 6-5,220,197,SG,25,HOU,81,81,36.8,8.0,18.1,.440,2.6,6.9,.375,5.4,11.3,.480,.511,8.8,10.2,.868,0.9,4.7,5.7,7.0,1.9,0.7,4.0,2.6,27.4
James Johnson,81, 6-9,245,245,PF,27,TOR,70,17,19.6,3.4,5.8,.589,0.2,0.7,.216,3.2,5.0,.643,.603,1.0,1.5,.657,0.9,2.8,3.7,1.4,0.8,1.0,1.1,2.2,7.9
James Jones,80, 6-8,225,251,SF,34,CLE,57,2,11.7,1.3,3.5,.368,1.1,3.1,.360,0.2,0.5,.423,.525,0.7,0.8,.848,0.2,0.9,1.1,0.4,0.2,0.1,0.2,1.2,4.4
Jannero Pargo,73, 6-1,175,356,PG,35,CHO,9,0,8.1,1.7,3.9,.429,1.0,2.4,.409,0.7,1.4,.462,.557,0.2,0.2,1.000,0.0,0.3,0.3,0.9,0.0,0.0,0.3,0.9,4.6
Jared Cunningham,76, 6-4,194,110,SG,23,LAC,19,0,4.7,0.6,1.7,.364,0.2,0.7,.308,0.4,1.1,.400,.424,0.4,0.7,.538,0.1,0.4,0.5,0.5,0.2,0.0,0.4,0.6,1.8
Jared Dudley,79, 6-7,225,136,SG,29,MIL,72,22,23.8,2.8,5.9,.468,1.0,2.7,.385,1.7,3.2,.537,.556,0.7,0.9,.716,0.6,2.4,3.1,1.8,1.0,0.2,0.9,1.6,7.2
Jared Sullinger,81, 6-9,280,429,PF,22,BOS,58,49,27.0,5.4,12.2,.439,0.9,3.2,.283,4.5,9.0,.494,.476,1.7,2.2,.744,2.5,5.1,7.6,2.3,0.8,0.7,1.3,2.6,13.3
Jarrett Jack,75, 6-3,202,232,PG,31,BRK,80,27,28.0,4.5,10.2,.439,0.5,1.8,.267,4.0,8.4,.477,.463,2.5,2.8,.881,0.2,2.8,3.1,4.7,0.9,0.2,2.4,1.8,12.0
Jason Richardson,78, 6-6,220,383,SG,34,PHI,19,15,21.9,3.3,9.4,.348,1.6,5.1,.323,1.6,4.3,.378,.435,0.9,1.2,.773,0.7,2.8,3.5,2.0,0.7,0.2,0.8,1.5,9.1
Jason Smith,84, 7-0,240,416,C,28,NYK,82,31,21.8,3.1,7.2,.434,0.2,0.5,.357,3.0,6.7,.440,.447,1.5,1.9,.830,1.2,2.8,4.0,1.7,0.4,0.5,1.3,2.5,8.0
Jason Terry,74, 6-2,176,435,SG,37,HOU,77,18,21.3,2.4,5.8,.422,1.6,4.2,.390,0.8,1.6,.504,.563,0.5,0.6,.813,0.2,1.4,1.6,1.9,0.9,0.2,1.0,1.5,7.0
Jason Thompson,83, 6-11,250,441,PF,28,SAC,81,63,24.6,2.5,5.3,.470,0.0,0.0,.000,2.5,5.3,.471,.470,1.1,1.8,.622,1.7,4.8,6.5,1.0,0.4,0.7,1.0,3.0,6.1
Jeff Green,81, 6-9,235,188,SF,28,TOT,78,70,31.5,5.3,12.4,.430,1.2,3.7,.332,4.1,8.7,.473,.480,3.1,3.7,.833,0.8,3.4,4.2,1.7,0.7,0.4,1.4,1.9,15.0
Jeff Teague,74, 6-2,180,431,PG,26,ATL,73,72,30.5,5.6,12.2,.460,1.0,2.8,.343,4.6,9.3,.496,.500,3.8,4.4,.862,0.4,2.1,2.5,7.0,1.7,0.4,2.8,1.9,15.9
Jeremy Evans,81, 6-9,196,145,SF,27,UTA,38,0,7.0,0.8,1.5,.552,0.1,0.1,.400,0.8,1.4,.566,.569,0.6,0.8,.828,0.7,1.2,1.9,0.3,0.3,0.3,0.1,0.8,2.4
Jeremy Lamb,77, 6-5,180,269,SG,22,OKC,47,8,13.5,2.2,5.3,.416,0.8,2.4,.342,1.4,3.0,.475,.492,1.0,1.2,.891,0.2,2.1,2.3,0.9,0.4,0.1,0.6,1.1,6.3
Jeremy Lin,75, 6-3,200,284,PG,26,LAL,74,30,25.8,3.7,8.8,.424,0.9,2.4,.369,2.9,6.5,.444,.473,2.9,3.6,.795,0.4,2.3,2.6,4.6,1.1,0.4,2.2,2.6,11.2
Jerryd Bayless,75, 6-3,200,38,PG,26,MIL,77,4,22.3,2.9,6.7,.426,0.5,1.6,.308,2.4,5.1,.462,.462,1.6,1.8,.883,0.3,2.5,2.7,3.0,0.8,0.2,1.7,2.1,7.8
Jimmer Fredette,74, 6-2,195,159,PG,25,NOP,50,0,10.2,1.3,3.3,.380,0.2,1.0,.188,1.1,2.4,.458,.407,0.9,0.9,.956,0.2,0.6,0.8,1.2,0.3,0.0,0.7,0.9,3.6
Jimmy Butler,79, 6-7,220,74,SG,25,CHI,65,65,38.7,6.5,14.0,.462,1.1,3.0,.378,5.4,11.1,.484,.502,5.9,7.1,.834,1.8,4.1,5.8,3.3,1.8,0.6,1.4,1.7,20.0
Joakim Noah,83, 6-11,232,343,C,29,CHI,67,67,30.6,2.8,6.4,.445,0.0,0.0,.000,2.8,6.3,.447,.445,1.6,2.6,.603,3.3,6.4,9.6,4.7,0.7,1.1,1.8,3.0,7.2
Jodie Meeks,76, 6-4,208,314,SG,27,DET,60,0,24.4,3.7,8.9,.416,1.2,3.5,.349,2.5,5.4,.460,.485,2.4,2.7,.906,0.2,1.5,1.7,1.3,1.0,0.1,1.0,1.3,11.1
Joe Johnson,80, 6-8,225,246,SG,33,BRK,80,80,34.9,5.6,12.8,.435,1.5,4.2,.359,4.1,8.6,.472,.494,1.8,2.2,.801,0.7,4.1,4.8,3.7,0.7,0.2,1.7,1.5,14.4
Joey Dorsey,80, 6-8,268,129,PF,31,HOU,69,17,12.4,1.2,2.1,.552,0.0,0.0,.000,1.2,2.1,.556,.552,0.3,1.2,.289,1.5,2.6,4.0,0.4,0.6,0.4,0.6,2.3,2.7
John Jenkins,76, 6-4,215,239,SG,23,ATL,24,3,12.4,2.0,4.1,.495,0.9,2.2,.404,1.2,2.0,.596,.601,0.7,0.8,.842,0.1,1.5,1.6,0.5,0.4,0.0,0.3,0.6,5.6
John Salmons,79, 6-7,210,398,SF,35,NOP,21,0,12.9,0.8,2.3,.333,0.4,1.2,.308,0.4,1.0,.364,.417,0.1,0.2,.500,0.2,0.8,1.0,0.6,0.4,0.2,0.2,1.2,2.0
John Wall,76, 6-4,195,462,PG,24,WAS,79,79,35.9,6.6,14.8,.445,0.8,2.7,.300,5.7,12.0,.478,.473,3.6,4.6,.785,0.5,4.2,4.6,10.0,1.7,0.6,3.8,2.3,17.6
Jon Leuer,82, 6-10,228,282,PF,25,MEM,63,6,13.1,1.9,4.3,.443,0.1,0.5,.241,1.8,3.9,.467,.456,0.6,0.9,.627,0.8,2.5,3.3,0.7,0.3,0.1,0.6,1.4,4.5
Jonas Jerebko,82, 6-10,231,241,PF,27,TOT,75,0,16.4,2.3,5.1,.446,0.7,1.9,.386,1.5,3.2,.481,.517,0.7,0.9,.848,1.2,2.5,3.8,0.9,0.6,0.2,0.6,1.8,6.0
Jonas Valanciunas,83, 6-11,231,452,C,22,TOR,80,80,26.2,4.7,8.2,.572,0.0,0.0,.000,4.7,8.1,.573,.572,2.7,3.5,.786,2.7,6.0,8.7,0.5,0.4,1.2,1.4,2.8,12.0
Jordan Farmar,74, 6-2,180,151,PG,28,LAC,36,0,14.7,1.7,4.4,.386,1.0,2.7,.361,0.7,1.7,.426,.497,0.3,0.3,.909,0.2,0.9,1.2,1.9,0.6,0.1,0.9,1.4,4.6
Jordan Hill,82, 6-10,235,215,C,27,LAL,70,57,26.8,5.1,11.1,.459,0.0,0.2,.273,5.1,10.9,.462,.461,1.8,2.4,.738,2.5,5.5,7.9,1.5,0.5,0.7,1.5,2.3,12.0
Jorge Gutierrez,75, 6-3,191,191,PG,26,TOT,20,1,8.8,1.1,2.1,.537,0.0,0.2,.000,1.1,1.9,.579,.537,0.5,0.7,.692,0.3,1.0,1.3,1.1,0.3,0.0,0.6,1.3,2.7
Jose Calderon,75, 6-3,210,80,PG,33,NYK,42,42,30.2,3.5,8.4,.415,1.4,3.4,.415,2.1,5.0,.415,.499,0.7,0.8,.906,0.5,2.5,3.0,4.7,0.7,0.0,1.8,1.8,9.1
Josh McRoberts,82, 6-10,240,313,PF,27,MIA,17,4,17.4,1.6,3.1,.528,0.5,1.1,.421,1.2,2.0,.588,.604,0.5,0.8,.615,0.4,2.2,2.6,1.9,0.7,0.2,1.3,2.4,4.2
Josh Smith,81, 6-9,225,417,PF,29,TOT,83,35,27.7,5.0,11.9,.419,0.9,2.7,.316,4.1,9.1,.451,.456,1.5,3.1,.498,1.8,4.6,6.4,3.3,1.0,1.4,2.5,2.7,12.4
Jrue Holiday,75, 6-3,180,218,PG,24,NOP,40,37,32.6,6.0,13.4,.446,1.3,3.4,.378,4.7,10.0,.469,.493,1.6,1.9,.855,0.8,2.6,3.4,6.9,1.6,0.6,2.3,2.8,14.8
Justin Hamilton,84, 7-0,260,194,C,24,TOT,41,14,17.4,2.1,4.3,.478,0.2,0.8,.323,1.8,3.6,.510,.506,1.0,1.1,.830,1.4,1.9,3.3,0.9,0.7,0.7,0.6,1.7,5.3
Justin Holiday,78, 6-6,185,219,SG,25,GSW,59,4,11.1,1.5,4.0,.387,0.6,1.8,.321,0.9,2.1,.444,.462,0.6,0.8,.822,0.2,1.0,1.2,0.8,0.7,0.2,0.5,0.9,4.3
Kawhi Leonard,79, 6-7,225,280,SF,23,SAS,64,64,31.8,6.2,12.8,.479,1.0,3.0,.349,5.1,9.8,.519,.520,3.2,3.9,.802,1.3,5.9,7.2,2.5,2.3,0.8,1.5,2.0,16.5
Kelly Olynyk,84, 7-0,238,352,C,23,BOS,64,13,22.2,3.9,8.3,.475,1.0,2.7,.349,3.0,5.5,.538,.533,1.5,2.1,.684,1.4,3.3,4.7,1.7,1.0,0.6,1.5,3.3,10.3
Kemba Walker,73, 6-1,172,461,PG,24,CHO,62,58,34.2,6.1,15.8,.385,1.4,4.5,.304,4.7,11.3,.418,.429,3.8,4.6,.827,0.6,3.0,3.5,5.1,1.4,0.5,1.6,1.5,17.3
Kendall Marshall,76, 6-4,195,296,PG,23,MIL,28,3,14.9,1.6,3.6,.455,0.6,1.6,.391,1.0,2.0,.509,.545,0.3,0.3,.889,0.1,0.9,1.0,3.1,0.8,0.0,1.3,0.9,4.2
Kendrick Perkins,82, 6-10,280,365,C,30,TOT,68,3,16.9,1.5,3.3,.449,0.0,0.0,.000,1.5,3.3,.451,.449,0.6,1.2,.506,1.3,3.4,4.7,0.8,0.2,0.6,1.4,2.4,3.6
Kenneth Faried,80, 6-8,228,150,PF,25,DEN,75,71,27.8,5.0,9.8,.507,0.0,0.1,.125,5.0,9.7,.511,.507,2.7,3.8,.691,3.2,5.7,8.9,1.2,0.8,0.8,1.6,2.8,12.6
Kent Bazemore,77, 6-5,201,40,SG,25,ATL,75,10,17.7,1.9,4.4,.426,0.6,1.8,.364,1.2,2.7,.467,.498,0.8,1.3,.600,0.3,2.7,3.0,1.0,0.7,0.4,1.0,1.7,5.2
Kentavious Caldwell-Pope,77, 6-5,205,81,SG,21,DET,82,82,31.5,4.8,11.9,.401,1.9,5.4,.345,2.9,6.4,.449,.480,1.3,1.9,.696,0.6,2.5,3.1,1.3,1.1,0.2,1.1,2.0,12.7
Kevin Durant,81, 6-9,215,139,SF,26,OKC,27,27,33.8,8.8,17.3,.510,2.4,5.9,.403,6.4,11.4,.565,.578,5.4,6.3,.854,0.6,6.0,6.6,4.1,0.9,0.9,2.7,1.5,25.4
Kevin Garnett,83, 6-11,220,165,PF,38,TOT,47,47,20.3,3.0,6.5,.467,0.0,0.1,.143,3.0,6.4,.475,.469,0.8,1.0,.800,1.0,5.6,6.6,1.6,1.0,0.4,1.0,2.3,6.9
Kevin Love,82, 6-10,260,288,PF,26,CLE,75,75,33.8,5.5,12.7,.434,1.9,5.2,.367,3.6,7.5,.480,.509,3.4,4.3,.804,1.9,7.9,9.7,2.2,0.7,0.5,1.6,1.9,16.4
Kevin Martin,79, 6-7,185,299,SG,31,MIN,39,36,33.4,6.8,16.0,.427,1.9,4.9,.393,4.9,11.1,.442,.487,4.4,4.9,.881,0.5,3.2,3.6,2.3,0.8,0.0,1.9,1.9,20.0
Kevin Seraphin,81, 6-9,264,405,C,25,WAS,79,0,15.6,2.9,5.7,.513,0.0,0.0,.000,2.9,5.7,.516,.513,0.7,1.0,.707,1.1,2.5,3.6,0.7,0.1,0.7,1.2,2.5,6.6
Khris Middleton,79, 6-7,215,316,SF,23,MIL,79,58,30.1,5.1,11.0,.467,1.4,3.4,.407,3.8,7.6,.494,.530,1.7,2.0,.859,0.6,3.8,4.4,2.3,1.5,0.1,1.4,2.3,13.4
Kirk Hinrich,75, 6-3,190,217,SG,34,CHI,66,22,24.4,2.2,5.8,.373,0.9,2.5,.345,1.3,3.2,.394,.449,0.5,0.8,.700,0.3,1.5,1.8,2.2,0.7,0.2,1.1,2.2,5.7
Klay Thompson,79, 6-7,205,442,SG,24,GSW,77,77,31.9,7.8,16.9,.463,3.1,7.1,.439,4.7,9.8,.481,.555,2.9,3.3,.879,0.4,2.9,3.2,2.9,1.1,0.8,1.9,1.6,21.7
Kobe Bryant,78, 6-6,200,68,SG,36,LAL,35,35,34.5,7.6,20.4,.373,1.5,5.3,.293,6.1,15.1,.401,.411,5.6,6.9,.813,0.7,4.9,5.7,5.6,1.3,0.2,3.7,1.9,22.3
Kris Humphries,81, 6-9,235,226,PF,29,WAS,64,17,21.0,3.3,7.0,.473,0.0,0.1,.000,3.3,6.9,.481,.473,1.4,1.8,.744,1.8,4.7,6.5,0.9,0.5,0.4,0.7,2.0,8.0
Kyle Korver,79, 6-7,210,266,SG,33,ATL,75,75,32.2,3.9,8.0,.487,2.9,6.0,.492,0.9,2.0,.470,.671,1.4,1.6,.898,0.2,3.9,4.1,2.6,0.7,0.6,1.4,1.9,12.1
Kyle Lowry,72, 6-0,175,289,PG,28,TOR,70,70,34.5,6.1,14.9,.412,1.9,5.6,.338,4.3,9.3,.457,.476,3.6,4.5,.808,0.8,3.9,4.7,6.8,1.6,0.2,2.5,3.0,17.8
Kyle O'Quinn,82, 6-10,240,350,PF,24,ORL,51,17,16.2,2.3,4.7,.492,0.2,0.8,.279,2.1,3.9,.538,.517,0.9,1.1,.772,0.9,3.0,3.9,1.2,0.6,0.8,1.1,2.2,5.8
Kyle Singler,80, 6-8,230,410,SF,26,TOT,80,58,21.8,2.2,5.6,.386,1.2,3.0,.398,1.0,2.6,.371,.493,0.5,0.7,.769,0.4,2.0,2.4,1.1,0.6,0.3,0.7,1.9,6.0
Kyrie Irving,74, 6-2,180,231,PG,22,CLE,75,75,36.4,7.7,16.5,.468,2.1,5.0,.415,5.6,11.4,.491,.532,4.2,4.9,.863,0.7,2.4,3.2,5.2,1.5,0.3,2.5,1.9,21.7
LaMarcus Aldridge,83, 6-11,240,9,PF,29,POR,71,71,35.4,9.3,19.9,.466,0.5,1.5,.352,8.8,18.5,.475,.479,4.3,5.1,.845,2.5,7.7,10.2,1.7,0.7,1.0,1.7,1.8,23.4
Lance Stephenson,77, 6-5,210,423,SG,24,CHO,61,25,25.8,3.4,9.0,.376,0.3,1.7,.171,3.1,7.3,.425,.393,1.1,1.8,.627,0.6,3.9,4.5,3.9,0.6,0.1,2.1,2.2,8.2
Lance Thomas,80, 6-8,225,437,PF-SF,26,TOT,62,37,24.0,2.9,7.1,.412,0.1,0.4,.318,2.8,6.8,.417,.420,1.2,1.6,.727,1.0,2.1,3.1,1.1,0.6,0.1,1.2,1.6,7.1
Landry Fields,79, 6-7,210,154,SF,26,TOR,26,9,8.3,0.8,1.6,.488,0.0,0.1,.500,0.7,1.5,.487,.500,0.2,0.2,.833,0.4,0.6,1.0,0.6,0.4,0.0,0.3,0.3,1.8
Larry Drew,73, 6-1,170,134,PG,24,PHI,12,1,18.3,1.7,4.8,.345,0.3,2.2,.154,1.3,2.7,.500,.379,0.2,0.3,.667,0.1,1.2,1.3,3.8,0.5,0.0,2.1,1.1,3.8
LeBron James,80, 6-8,240,235,SF,30,CLE,69,69,36.1,9.0,18.5,.488,1.7,4.9,.354,7.3,13.6,.536,.535,5.4,7.7,.710,0.7,5.3,6.0,7.4,1.6,0.7,3.9,2.0,25.3
Leandro Barbosa,75, 6-3,176,29,SG,32,GSW,66,1,14.9,2.8,5.8,.474,0.7,1.7,.384,2.1,4.2,.511,.530,0.9,1.1,.784,0.3,1.0,1.4,1.5,0.6,0.1,0.7,1.3,7.1
Lester Hudson,75, 6-3,190,224,SG,30,LAC,5,0,11.2,1.2,2.8,.429,0.6,1.2,.500,0.6,1.6,.375,.536,0.6,0.8,.750,0.2,1.4,1.6,1.0,1.2,0.2,0.6,0.8,3.6
Lorenzo Brown,77, 6-5,189,65,PG,24,MIN,29,7,18.9,1.8,4.2,.426,0.2,1.0,.214,1.6,3.2,.489,.451,0.4,0.7,.632,0.5,1.9,2.4,3.1,1.0,0.2,1.0,1.7,4.2
Luc Mbah a Moute,80, 6-8,230,303,PF,28,PHI,67,61,28.6,3.7,9.5,.395,0.9,3.0,.307,2.8,6.5,.435,.443,1.4,2.4,.589,1.2,3.7,4.9,1.6,1.2,0.3,1.5,1.6,9.9
Luigi Datome,80, 6-8,215,115,SF,27,TOT,21,1,10.0,2.0,4.2,.483,0.9,1.9,.450,1.2,2.3,.510,.584,0.0,0.0,1.000,0.1,1.2,1.4,0.4,0.1,0.3,0.4,0.7,5.0
Luis Scola,81, 6-9,245,402,PF,34,IND,81,16,20.5,3.7,7.9,.467,0.1,0.2,.250,3.6,7.7,.474,.471,2.0,2.8,.699,1.7,4.8,6.5,1.3,0.6,0.2,1.2,2.4,9.4
Luke Babbitt,81, 6-9,225,27,SF,25,NOP,63,19,13.2,1.5,3.0,.479,0.9,1.8,.513,0.5,1.2,.429,.633,0.2,0.3,.684,0.2,1.6,1.8,0.4,0.3,0.2,0.4,1.0,4.1
Luke Ridnour,74, 6-2,175,384,PG,33,ORL,47,0,14.5,1.6,3.7,.426,0.4,1.3,.317,1.2,2.4,.487,.483,0.4,0.4,.857,0.2,1.3,1.4,2.0,0.4,0.1,0.8,1.4,4.0
Luol Deng,80, 6-8,220,124,SF,29,MIA,72,72,33.6,5.1,10.9,.469,1.1,3.1,.355,4.0,7.9,.513,.518,2.7,3.5,.761,1.4,3.8,5.2,1.9,0.9,0.3,1.5,1.5,14.0
Malcolm Thomas,81, 6-9,225,438,PF,26,PHI,17,0,11.4,1.1,2.4,.450,0.0,0.4,.000,1.1,1.9,.545,.450,0.5,0.8,.692,0.9,2.4,3.3,0.4,0.2,0.1,0.8,1.0,2.6
Manu Ginobili,78, 6-6,210,172,SG,37,SAS,70,0,22.7,3.6,8.4,.426,1.3,3.7,.345,2.3,4.7,.489,.502,2.1,2.9,.721,0.4,2.6,3.0,4.2,1.0,0.3,2.2,2.0,10.5
Marc Gasol,85, 7-1,265,166,C,30,MEM,81,81,33.2,6.5,13.2,.494,0.0,0.2,.176,6.5,13.0,.500,.496,4.3,5.4,.795,1.4,6.4,7.8,3.8,0.9,1.6,2.2,2.6,17.4
Marcin Gortat,83, 6-11,240,180,C,30,WAS,82,82,29.9,5.4,9.5,.566,0.0,0.0,.000,5.4,9.4,.569,.566,1.5,2.1,.703,2.2,6.5,8.7,1.2,0.6,1.3,1.2,2.3,12.2
Marco Belinelli,77, 6-5,192,43,SG,28,SAS,62,9,22.4,3.2,7.6,.423,1.4,3.7,.374,1.8,3.9,.471,.515,1.4,1.6,.848,0.4,2.1,2.5,1.5,0.5,0.0,1.0,1.4,9.2
Marcus Morris,81, 6-9,235,331,PF,25,PHO,81,35,25.2,4.1,9.4,.434,1.4,3.9,.358,2.7,5.6,.487,.507,0.9,1.4,.628,0.9,3.9,4.8,1.6,0.8,0.2,0.9,2.3,10.4
Marcus Thornton,76, 6-4,205,444,SG,27,TOT,48,0,15.0,2.9,7.2,.406,1.1,3.0,.378,1.8,4.2,.426,.484,1.0,1.2,.821,0.5,1.3,1.8,0.8,0.6,0.1,0.6,0.8,7.9
Mario Chalmers,73, 6-1,190,88,PG,28,MIA,80,37,29.6,3.3,8.3,.403,0.9,3.1,.294,2.4,5.2,.467,.458,2.6,3.3,.774,0.3,2.3,2.6,3.8,1.5,0.1,2.2,3.1,10.2
Markieff Morris,82, 6-10,245,332,PF,25,PHO,82,82,31.5,6.2,13.4,.465,0.7,2.2,.318,5.5,11.2,.494,.491,2.2,2.8,.763,1.3,4.8,6.2,2.3,1.2,0.5,2.1,3.0,15.3
Marreese Speights,82, 6-10,245,420,C,27,GSW,76,9,15.9,4.2,8.5,.492,0.1,0.2,.278,4.1,8.3,.498,.496,2.0,2.3,.843,1.4,2.8,4.3,0.9,0.3,0.4,1.1,2.5,10.4
Martell Webster,79, 6-7,210,468,SF,28,WAS,32,0,11.0,0.8,2.8,.264,0.3,1.3,.233,0.4,1.5,.292,.319,1.5,2.0,.750,0.3,1.1,1.4,0.5,0.2,0.0,0.7,0.8,3.3
Marvin Williams,81, 6-9,230,479,PF,28,CHO,78,37,26.1,2.7,6.3,.424,1.2,3.4,.358,1.5,2.9,.500,.520,0.8,1.1,.713,0.7,4.2,4.9,1.3,0.9,0.5,0.8,1.9,7.4
Mason Plumlee,82, 6-10,235,367,C,24,BRK,82,45,21.3,3.4,6.0,.573,0.0,0.0,.000,3.4,5.9,.576,.573,1.9,3.9,.495,2.1,4.1,6.2,0.9,0.8,0.8,1.3,2.5,8.7
Matt Barnes,79, 6-7,235,33,SF,34,LAC,76,74,29.9,3.6,8.2,.444,1.8,4.9,.362,1.9,3.3,.569,.553,1.0,1.3,.779,0.7,3.3,4.0,1.5,0.9,0.7,1.1,3.2,10.1
Matt Bonner,82, 6-10,240,56,PF,34,SAS,72,19,13.0,1.3,3.2,.409,0.6,1.8,.365,0.7,1.4,.462,.509,0.4,0.5,.811,0.4,1.2,1.6,0.7,0.1,0.2,0.2,0.9,3.7
Matthew Dellavedova,76, 6-4,200,123,SG,24,CLE,67,13,20.6,1.7,4.6,.362,1.0,2.5,.407,0.6,2.1,.307,.472,0.4,0.6,.763,0.6,1.3,1.9,3.0,0.4,0.0,0.9,2.3,4.8
Maurice Harkless,80, 6-8,208,198,SF,21,ORL,45,4,15.0,1.4,3.5,.399,0.2,1.2,.179,1.2,2.3,.520,.430,0.5,0.9,.537,0.8,1.5,2.4,0.6,0.7,0.2,0.6,1.5,3.5
Meyers Leonard,85, 7-1,245,281,C,22,POR,55,7,15.4,2.3,4.5,.510,0.9,2.0,.420,1.4,2.4,.586,.606,0.5,0.6,.938,0.8,3.7,4.5,0.6,0.2,0.3,0.7,2.1,5.9
Michael Beasley,81, 6-9,235,42,PF,26,MIA,24,1,21.0,3.8,8.8,.434,0.3,1.4,.235,3.5,7.4,.472,.453,0.8,1.1,.769,0.5,3.2,3.7,1.3,0.6,0.5,1.5,2.8,8.8
Michael Carter-Williams,78, 6-6,185,86,PG,23,TOT,66,63,32.6,5.5,13.9,.396,0.5,2.3,.235,5.0,11.6,.428,.416,3.1,4.4,.694,1.0,4.4,5.3,6.7,1.7,0.5,3.8,2.5,14.6
Mike Conley,73, 6-1,180,100,PG,27,MEM,70,70,31.8,5.6,12.6,.446,1.5,4.0,.386,4.1,8.6,.473,.506,3.1,3.6,.859,0.4,2.6,3.0,5.4,1.3,0.2,2.2,2.0,15.8
Mike Dunleavy,75, 6-3,180,138,SF,34,CHI,63,63,29.2,3.3,7.6,.435,1.7,4.2,.407,1.6,3.5,.468,.546,1.1,1.4,.805,0.4,3.5,3.9,1.8,0.6,0.3,1.0,2.0,9.4
Mike Miller,80, 6-8,218,320,SF,34,CLE,52,15,13.5,0.7,2.2,.325,0.6,1.9,.327,0.1,0.3,.313,.465,0.1,0.1,.750,0.1,1.7,1.8,0.9,0.3,0.1,0.4,1.4,2.1
Mike Muscala,83, 6-11,239,338,PF,23,ATL,40,8,12.6,2.1,3.8,.550,0.2,0.6,.409,1.9,3.2,.574,.579,0.6,0.6,.880,1.3,1.7,3.0,0.6,0.4,0.5,0.5,1.3,4.9
Mike Scott,80, 6-8,237,403,PF,26,ATL,68,0,16.5,3.0,6.7,.444,1.0,2.8,.344,2.0,3.8,.517,.517,0.9,1.1,.792,0.7,2.3,2.9,1.1,0.4,0.0,0.6,1.2,7.8
Mirza Teletovic,80, 6-8,235,432,PF,29,BRK,40,4,22.3,3.1,8.0,.382,1.6,4.8,.321,1.5,3.2,.476,.480,0.8,1.2,.717,0.7,4.2,4.9,1.2,0.4,0.4,1.3,1.9,8.5
Mo Williams,73, 6-1,185,480,PG,32,TOT,68,33,29.1,5.0,12.6,.397,1.8,5.1,.342,3.3,7.5,.434,.466,2.4,2.8,.872,0.3,2.2,2.6,6.2,0.7,0.2,2.5,2.4,14.2
Monta Ellis,75, 6-3,175,142,SG,29,DAL,80,80,33.7,7.5,16.9,.445,1.0,3.6,.285,6.5,13.4,.487,.475,2.9,3.8,.752,0.4,2.0,2.4,4.1,1.9,0.3,2.5,2.5,18.9
Nate Robinson,69, 5-9,180,389,PG,30,TOT,42,1,14.1,2.1,6.1,.345,0.7,2.7,.277,1.4,3.4,.399,.406,0.7,1.1,.674,0.4,0.8,1.2,2.3,0.5,0.1,0.7,1.8,5.7
Nate Wolters,76, 6-4,190,484,PG,23,TOT,21,0,11.8,1.0,2.7,.351,0.0,0.3,.000,1.0,2.4,.400,.351,0.1,0.3,.333,0.4,1.2,1.6,1.0,0.4,0.1,0.6,0.9,2.0
Nick Calathes,78, 6-6,213,79,SG,25,MEM,58,0,14.4,1.8,4.3,.421,0.2,0.7,.256,1.6,3.5,.456,.443,0.4,0.8,.533,0.3,1.5,1.8,2.5,1.1,0.1,1.1,1.7,4.2
Nick Collison,81, 6-9,255,99,PF,34,OKC,66,2,16.7,1.6,3.8,.419,0.2,0.9,.267,1.4,2.9,.466,.451,0.7,1.0,.692,1.4,2.4,3.8,1.4,0.5,0.4,0.7,2.4,4.1
Nick Young,78, 6-6,200,489,SG,29,LAL,42,0,23.8,4.1,11.3,.366,2.0,5.4,.369,2.2,6.0,.363,.453,3.1,3.5,.892,0.4,1.9,2.3,1.0,0.5,0.3,1.0,2.0,13.4
Nicolas Batum,80, 6-8,200,37,SF,26,POR,71,71,33.5,3.4,8.5,.400,1.4,4.4,.324,2.0,4.1,.481,.483,1.2,1.4,.857,0.9,5.0,5.9,4.8,1.1,0.6,1.9,1.5,9.4
Nikola Vucevic,82, 6-10,240,457,C,24,ORL,74,74,34.2,8.5,16.3,.523,0.0,0.1,.333,8.5,16.2,.524,.524,2.2,2.9,.752,3.2,7.7,10.9,2.0,0.7,0.7,2.0,3.0,19.3
Norris Cole,74, 6-2,170,97,PG,26,TOT,75,25,24.4,3.1,7.4,.412,0.7,2.3,.313,2.3,5.1,.458,.461,0.8,1.1,.716,0.2,1.9,2.1,3.4,0.8,0.2,1.3,1.7,7.6
O.J. Mayo,76, 6-4,210,302,SG,27,MIL,71,15,23.9,4.2,9.9,.422,1.4,3.9,.357,2.8,6.0,.465,.493,1.6,2.0,.827,0.4,2.2,2.6,2.8,0.8,0.3,1.8,2.3,11.4
Omri Casspi,81, 6-9,225,87,SF,26,SAC,67,19,21.1,3.1,6.4,.489,0.5,1.3,.402,2.6,5.1,.512,.530,2.1,2.9,.733,0.8,3.1,3.9,1.5,0.5,0.1,1.3,1.6,8.9
Otto Porter,81, 6-9,198,370,SF,21,WAS,74,13,19.4,2.4,5.3,.450,0.5,1.4,.337,1.9,3.9,.491,.495,0.8,1.1,.734,0.9,2.0,3.0,0.9,0.6,0.4,0.7,1.3,6.0
P.J. Tucker,77, 6-5,225,446,SF,29,PHO,78,63,30.6,3.3,7.6,.438,1.1,3.2,.345,2.2,4.4,.506,.511,1.3,1.8,.727,1.5,5.0,6.4,1.6,1.4,0.3,1.2,2.3,9.1
Pablo Prigioni,75, 6-3,180,375,PG,37,TOT,67,3,17.9,1.4,3.4,.399,0.9,2.5,.343,0.5,0.9,.548,.524,0.5,0.6,.854,0.4,1.3,1.8,2.6,1.2,0.0,0.9,1.3,4.1
Patrick Beverley,73, 6-1,180,46,PG,26,HOU,56,55,30.8,3.6,9.5,.383,2.1,5.8,.356,1.6,3.7,.426,.492,0.8,1.1,.750,1.2,3.0,4.2,3.4,1.1,0.4,1.5,3.3,10.1
Patrick Patterson,81, 6-9,235,360,PF,25,TOR,81,4,26.6,3.0,6.6,.449,1.3,3.5,.371,1.7,3.1,.536,.547,0.8,1.0,.788,1.6,3.8,5.3,1.9,0.7,0.5,0.7,1.8,8.0
Pau Gasol,84, 7-0,227,167,PF,34,CHI,78,78,34.4,7.3,14.8,.494,0.2,0.3,.462,7.2,14.4,.495,.500,3.8,4.7,.803,2.8,9.0,11.8,2.7,0.3,1.9,2.0,1.9,18.5
Paul George,81, 6-9,220,170,SF,24,IND,6,0,15.2,3.0,8.2,.367,1.5,3.7,.409,1.5,4.5,.333,.459,1.3,1.8,.727,0.7,3.0,3.7,1.0,0.8,0.2,2.0,1.8,8.8
Paul Millsap,80, 6-8,245,324,PF,29,ATL,73,73,32.7,6.1,12.7,.476,1.1,3.0,.356,5.0,9.8,.513,.518,3.5,4.6,.757,1.9,5.9,7.8,3.1,1.8,0.9,2.3,2.8,16.7
Paul Pierce,78, 6-6,230,366,SF,37,WAS,73,73,26.2,4.0,9.0,.447,1.6,4.2,.389,2.4,4.8,.496,.537,2.2,2.9,.781,0.6,3.4,4.0,2.0,0.6,0.3,1.3,2.2,11.9
Pero Antic,83, 6-11,260,21,C,32,ATL,63,3,16.5,1.7,4.7,.365,0.8,2.7,.301,0.9,2.0,.455,.453,1.4,2.0,.715,0.9,2.1,3.0,0.8,0.3,0.2,0.8,2.1,5.7
Perry Jones,83, 6-11,235,252,SF,23,OKC,43,13,14.7,1.7,4.3,.397,0.3,1.4,.233,1.4,2.9,.476,.435,0.6,0.9,.649,0.1,1.6,1.8,0.4,0.4,0.2,0.6,1.2,4.3
Phil Pressey,71, 5-11,175,372,PG,23,BOS,50,0,12.0,1.3,3.5,.368,0.3,1.3,.246,1.0,2.2,.440,.414,0.7,1.0,.673,0.3,1.3,1.6,2.3,0.6,0.1,0.8,1.1,3.5
Quincy Acy,79, 6-7,233,1,PF,24,NYK,68,22,18.9,2.2,4.9,.459,0.3,0.9,.300,2.0,4.0,.494,.486,1.1,1.4,.784,1.2,3.3,4.4,1.0,0.4,0.3,0.9,2.2,5.9
Quincy Miller,81, 6-9,210,321,PF,22,TOT,10,0,11.9,0.9,3.8,.237,0.3,1.8,.167,0.6,2.0,.300,.276,0.8,1.1,.727,0.4,1.6,2.0,0.8,0.7,0.5,0.5,0.9,2.9
Quincy Pondexter,78, 6-6,225,369,SF-SG,26,TOT,75,30,23.9,2.5,6.0,.421,1.2,3.3,.373,1.3,2.7,.478,.522,0.9,1.3,.740,0.7,1.9,2.6,1.3,0.3,0.3,0.7,2.0,7.2
Rajon Rondo,73, 6-1,171,391,PG,28,TOT,68,68,29.7,4.0,9.5,.426,0.4,1.3,.314,3.6,8.2,.444,.447,0.5,1.1,.397,1.1,4.4,5.5,7.9,1.3,0.1,3.1,2.3,8.9
Ramon Sessions,75, 6-3,190,406,PG,28,TOT,64,10,18.6,2.0,5.2,.374,0.3,0.9,.317,1.7,4.3,.387,.403,2.1,2.7,.769,0.4,1.9,2.3,2.8,0.5,0.0,1.3,1.1,6.3
Randy Foye,76, 6-4,210,156,SG,31,DEN,50,21,21.7,3.0,8.0,.368,1.9,5.3,.357,1.1,2.8,.388,.485,0.9,1.1,.818,0.2,1.5,1.7,2.4,0.7,0.2,1.2,1.9,8.7
Rasual Butler,79, 6-7,205,75,SF,35,WAS,75,1,20.1,2.9,6.9,.422,1.2,3.1,.387,1.7,3.8,.450,.510,0.7,0.9,.791,0.4,2.3,2.6,0.8,0.4,0.3,0.6,1.3,7.7
Ray McCallum,75, 6-3,190,305,PG,23,SAC,68,30,21.1,3.0,6.9,.438,0.5,1.6,.306,2.5,5.3,.479,.474,0.8,1.2,.679,0.8,1.9,2.6,2.8,0.7,0.2,1.3,1.4,7.4
Raymond Felton,73, 6-1,198,153,PG,30,DAL,29,3,9.7,1.5,3.7,.406,0.3,1.2,.294,1.1,2.5,.458,.453,0.4,0.5,.800,0.1,0.8,0.9,1.4,0.4,0.1,0.6,0.6,3.7
Reggie Bullock,79, 6-7,205,70,SF,23,TOT,36,2,9.4,0.7,1.9,.343,0.4,1.3,.326,0.3,0.7,.375,.450,0.2,0.3,.667,0.0,1.4,1.4,0.2,0.3,0.1,0.2,0.5,1.9
Reggie Evans,80, 6-8,245,146,PF,34,SAC,47,7,16.3,1.2,2.9,.423,0.0,0.0,.000,1.2,2.9,.430,.423,1.3,2.1,.619,2.1,4.3,6.4,0.7,0.5,0.1,1.0,1.9,3.7
Reggie Jackson,75, 6-3,208,233,PG,24,TOT,77,40,29.5,5.6,12.9,.434,0.9,3.1,.299,4.7,9.8,.477,.470,2.4,2.8,.830,0.7,3.5,4.2,6.0,0.8,0.1,2.4,2.2,14.5
Reggie Williams,78, 6-6,210,481,SF,28,SAS,20,0,5.3,0.8,2.0,.385,0.2,1.0,.158,0.6,1.0,.600,.423,0.2,0.2,1.000,0.3,0.6,0.9,0.5,0.1,0.0,0.1,0.6,1.9
Richard Jefferson,79, 6-7,222,238,SF,34,DAL,74,18,16.8,1.9,4.4,.444,0.9,2.1,.426,1.1,2.3,.462,.546,1.1,1.5,.684,0.3,2.1,2.5,0.8,0.4,0.1,0.7,1.6,5.8
Ricky Ledo,79, 6-7,195,275,SG,22,TOT,17,0,14.4,1.9,5.6,.333,0.6,1.6,.370,1.3,4.1,.319,.385,0.9,1.3,.727,0.9,1.2,2.1,1.1,0.4,0.1,1.5,1.2,5.3
Ricky Rubio,76, 6-4,180,394,PG,24,MIN,22,22,31.5,3.5,10.0,.356,0.6,2.3,.255,3.0,7.6,.387,.386,2.6,3.2,.803,0.9,4.8,5.7,8.8,1.7,0.0,2.9,2.7,10.3
Robbie Hummel,80, 6-8,215,225,SF,25,MIN,45,4,16.5,1.8,3.8,.459,0.4,1.1,.314,1.4,2.7,.521,.506,0.5,0.6,.828,0.7,2.3,3.0,0.6,0.4,0.2,0.4,1.9,4.4
Robert Covington,81, 6-9,215,105,SF,24,PHI,70,49,27.9,4.3,10.8,.396,2.4,6.4,.374,1.9,4.4,.426,.506,2.5,3.1,.820,0.9,3.6,4.5,1.5,1.4,0.4,1.8,2.7,13.5
Robert Sacre,84, 7-0,263,397,C,25,LAL,67,18,16.9,1.9,4.6,.412,0.0,0.0,.000,1.9,4.6,.413,.412,0.8,1.2,.671,1.3,2.1,3.5,0.8,0.4,0.6,0.5,1.8,4.6
Robin Lopez,84, 7-0,255,287,C,26,POR,59,59,27.8,4.0,7.4,.535,0.0,0.0,.000,4.0,7.4,.537,.535,1.7,2.2,.772,3.2,3.5,6.7,0.9,0.3,1.4,1.2,2.1,9.6
Rodney Stuckey,77, 6-5,205,428,PG,28,IND,71,36,26.4,4.7,10.6,.440,0.8,2.0,.390,3.9,8.6,.452,.477,2.5,3.0,.819,0.5,3.0,3.5,3.1,0.8,0.1,1.7,1.8,12.6
Ronnie Price,74, 6-2,190,374,PG,31,LAL,43,20,22.8,1.8,5.2,.345,0.7,2.5,.284,1.1,2.7,.404,.415,0.8,1.0,.800,0.4,1.2,1.6,3.8,1.6,0.1,1.2,2.7,5.1
Roy Hibbert,86, 7-2,278,211,C,28,IND,76,76,25.3,4.2,9.3,.446,0.0,0.0,.000,4.2,9.3,.448,.446,2.2,2.7,.824,2.1,5.1,7.1,1.1,0.2,1.6,1.4,2.8,10.6
Rudy Gay,80, 6-8,230,168,SF,28,SAC,68,67,35.4,7.5,16.4,.455,1.2,3.2,.359,6.3,13.2,.479,.491,5.0,5.8,.858,1.4,4.4,5.9,3.7,1.0,0.6,2.7,2.3,21.1
Rudy Gobert,85, 7-1,220,173,C,22,UTA,82,37,26.3,3.1,5.2,.604,0.0,0.0,.000,3.1,5.2,.607,.604,2.1,3.3,.623,3.2,6.2,9.5,1.3,0.8,2.3,1.4,2.1,8.4
Russell Westbrook,75, 6-3,187,470,PG,26,OKC,67,67,34.4,9.4,22.0,.426,1.3,4.3,.299,8.1,17.7,.457,.455,8.1,9.8,.835,1.9,5.4,7.3,8.6,2.1,0.2,4.4,2.7,28.1
Ryan Anderson,82, 6-10,240,17,PF,26,NOP,61,5,27.5,4.8,12.0,.399,2.0,5.9,.340,2.8,6.1,.457,.483,2.1,2.5,.854,1.8,3.1,4.8,0.9,0.5,0.3,1.0,1.9,13.7
Ryan Kelly,83, 6-11,230,260,PF,23,LAL,52,34,23.7,2.0,5.9,.337,0.9,2.6,.336,1.1,3.4,.337,.409,1.5,1.8,.832,0.3,2.6,2.8,1.8,0.6,0.5,0.7,2.3,6.4
Sebastian Telfair,72, 6-0,165,433,PG,29,OKC,16,1,20.4,2.9,7.8,.368,1.1,3.8,.300,1.8,4.1,.431,.440,1.5,2.1,.706,0.1,1.8,1.9,2.8,0.6,0.0,1.1,1.8,8.4
Serge Ibaka,82, 6-10,220,227,PF,25,OKC,64,64,33.1,5.8,12.3,.476,1.2,3.2,.376,4.6,9.1,.511,.525,1.4,1.7,.836,2.1,5.7,7.8,0.9,0.5,2.4,1.5,3.0,14.3
Sergey Karasev,79, 6-7,203,259,SG,21,BRK,33,16,16.8,1.6,4.1,.403,0.5,1.6,.296,1.2,2.4,.475,.463,0.9,1.2,.763,0.7,1.3,2.0,1.4,0.7,0.0,0.7,1.4,4.6
Shabazz Muhammad,78, 6-6,225,336,SG,22,MIN,38,13,22.8,5.1,10.4,.489,0.5,1.3,.392,4.6,9.1,.503,.514,2.7,3.8,.717,1.7,2.4,4.1,1.2,0.5,0.2,0.9,1.3,13.5
Shane Larkin,71, 5-11,176,271,PG,22,NYK,76,22,24.5,2.5,5.7,.433,0.5,1.5,.302,2.0,4.2,.481,.473,0.8,1.0,.782,0.4,1.9,2.3,3.0,1.2,0.1,1.1,2.0,6.2
Shannon Brown,76, 6-4,205,67,SG,29,MIA,5,2,17.8,1.4,3.8,.368,0.6,1.4,.429,0.8,2.4,.333,.447,0.6,0.8,.750,0.0,0.2,0.2,0.6,0.8,0.0,0.8,1.6,4.0
Shaun Livingston,79, 6-7,182,285,PG,29,GSW,78,2,18.8,2.5,5.1,.500,0.0,0.0,.000,2.5,5.1,.503,.500,0.8,1.2,.714,0.6,1.8,2.3,3.3,0.6,0.3,1.3,1.4,5.9
Shavlik Randolph,82, 6-10,240,379,PF,31,TOT,21,0,6.0,0.4,1.7,.257,0.0,0.2,.000,0.4,1.4,.300,.257,0.3,0.6,.500,0.8,1.0,1.8,0.2,0.2,0.1,0.1,0.8,1.1
Shawn Marion,79, 6-7,220,295,SF,36,CLE,57,24,19.3,2.1,4.7,.446,0.2,0.8,.261,1.9,3.9,.484,.468,0.5,0.6,.765,1.1,2.4,3.5,0.9,0.5,0.5,0.6,1.0,4.8
Shawne Williams,81, 6-9,225,482,SF,28,TOT,63,22,17.3,1.9,4.8,.403,1.0,2.8,.360,0.9,1.9,.467,.510,0.6,0.6,.875,0.6,2.1,2.6,0.7,0.4,0.3,0.5,2.1,5.4
Shelvin Mack,75, 6-3,215,292,PG,24,ATL,55,0,15.1,2.1,5.3,.401,0.7,2.3,.315,1.4,3.0,.467,.469,0.5,0.6,.806,0.1,1.3,1.4,2.8,0.5,0.0,0.9,0.6,5.4
Solomon Hill,79, 6-7,220,216,SF,23,IND,82,78,29.0,3.1,7.7,.396,0.8,2.5,.327,2.2,5.2,.430,.450,1.9,2.4,.824,0.9,3.0,3.8,2.2,0.8,0.2,1.4,2.2,8.9
Spencer Hawes,84, 7-0,245,204,PF,26,LAC,73,15,17.5,2.2,5.7,.393,0.8,2.4,.313,1.5,3.3,.452,.459,0.6,0.9,.647,0.4,3.1,3.5,1.2,0.3,0.7,0.8,2.4,5.8
Stephen Curry,75, 6-3,185,112,PG,26,GSW,80,80,32.7,8.2,16.8,.487,3.6,8.1,.443,4.6,8.7,.528,.594,3.9,4.2,.914,0.7,3.6,4.3,7.7,2.0,0.2,3.1,2.0,23.8
Steve Blake,75, 6-3,172,51,PG,34,POR,81,0,18.9,1.5,4.0,.373,1.0,2.7,.352,0.6,1.3,.417,.491,0.4,0.5,.707,0.2,1.5,1.7,3.6,0.5,0.1,1.3,1.5,4.3
Steve Novak,82, 6-10,220,346,SF-PF,31,TOT,35,0,5.6,0.6,1.6,.393,0.5,1.4,.396,0.1,0.2,.375,.563,0.0,0.1,.000,0.1,0.6,0.6,0.3,0.0,0.1,0.1,0.7,1.8
Steven Adams,84, 7-0,250,3,C,21,OKC,70,67,25.3,3.1,5.7,.544,0.0,0.0,.000,3.1,5.7,.547,.544,1.5,2.9,.502,2.8,4.6,7.5,0.9,0.5,1.2,1.4,3.2,7.7
Tayshaun Prince,81, 6-9,215,376,SF,34,TOT,58,16,24.1,3.1,6.9,.440,0.5,1.2,.463,2.5,5.8,.436,.479,0.8,1.1,.754,0.9,2.7,3.6,1.6,0.5,0.3,0.6,0.9,7.5
Terrence Jones,81, 6-9,252,253,PF,23,HOU,33,24,26.9,4.8,9.1,.528,0.4,1.1,.351,4.4,7.9,.553,.550,1.7,2.8,.606,2.4,4.3,6.7,1.1,0.5,1.8,1.1,2.4,11.7
Terrence Ross,78, 6-6,195,393,SF,23,TOR,82,61,25.5,3.8,9.2,.410,1.8,4.8,.372,2.0,4.4,.452,.507,0.5,0.7,.786,0.4,2.4,2.8,1.0,0.6,0.3,0.8,1.7,9.8
Thabo Sefolosha,77, 6-5,215,404,SF,30,ATL,52,7,18.8,2.0,4.8,.418,0.5,1.5,.321,1.5,3.3,.462,.468,0.9,1.1,.776,1.0,3.3,4.3,1.4,1.0,0.4,0.7,1.3,5.3
Thaddeus Young,80, 6-8,220,490,PF,26,TOT,76,68,32.0,5.9,12.7,.466,0.5,1.5,.330,5.4,11.2,.484,.486,1.7,2.6,.655,1.7,3.7,5.4,2.3,1.6,0.3,1.5,2.3,14.1
Thomas Robinson,81, 6-9,240,390,PF,23,TOT,54,4,14.8,2.3,4.8,.485,0.0,0.0,.000,2.3,4.8,.488,.485,1.0,2.0,.528,1.8,3.9,5.6,0.6,0.6,0.4,1.1,1.9,5.7
Tim Duncan,83, 6-11,248,137,C,38,SAS,77,77,28.9,5.4,10.6,.512,0.0,0.1,.286,5.4,10.5,.514,.513,3.0,4.0,.740,2.2,6.9,9.1,3.0,0.8,2.0,1.7,2.1,13.9
Tim Hardaway,72, 6-0,175,196,SG,22,NYK,70,30,24.0,4.0,10.2,.389,1.7,5.1,.342,2.3,5.2,.435,.474,1.8,2.2,.801,0.2,2.1,2.2,1.8,0.3,0.2,1.2,1.7,11.5
Timofey Mozgov,85, 7-1,250,335,C,28,TOT,81,80,25.2,3.9,7.0,.555,0.0,0.1,.333,3.9,6.9,.557,.557,1.9,2.7,.718,2.5,4.8,7.3,0.7,0.4,1.2,1.4,2.8,9.7
Tobias Harris,80, 6-8,226,202,SF,22,ORL,68,63,34.8,6.5,14.0,.466,1.3,3.5,.364,5.2,10.4,.500,.512,2.8,3.6,.788,1.1,5.3,6.3,1.8,1.0,0.5,1.7,2.0,17.1
Toney Douglas,74, 6-2,190,130,SG,28,NOP,12,0,14.8,1.6,4.3,.373,0.4,1.5,.278,1.2,2.8,.424,.422,0.7,1.1,.615,0.2,1.7,1.8,2.0,0.9,0.3,0.8,1.7,4.3
Tony Allen,76, 6-4,213,11,SG,33,MEM,63,41,26.2,3.6,7.2,.495,0.2,0.5,.345,3.4,6.8,.505,.505,1.3,2.0,.627,1.6,2.8,4.4,1.4,2.0,0.5,1.4,2.6,8.6
Tony Parker,74, 6-2,180,358,PG,32,SAS,68,68,28.7,5.9,12.2,.486,0.6,1.3,.427,5.4,10.9,.493,.508,1.9,2.4,.783,0.2,1.7,1.9,4.9,0.6,0.0,2.1,1.6,14.4
Tony Snell,79, 6-7,200,419,SF,23,CHI,72,22,19.6,2.2,5.2,.429,1.0,2.7,.371,1.2,2.4,.494,.527,0.6,0.8,.800,0.4,2.0,2.4,0.9,0.4,0.2,0.7,1.2,6.0
Tony Wroten,77, 6-5,205,487,PG,21,PHI,30,15,29.8,5.8,14.5,.403,1.2,4.7,.261,4.6,9.7,.473,.446,4.0,6.0,.667,0.7,2.1,2.9,5.2,1.6,0.3,3.8,2.4,16.9
Trevor Ariza,80, 6-8,200,22,SF,29,HOU,82,82,35.7,4.5,11.1,.402,2.4,6.8,.350,2.1,4.3,.485,.509,1.5,1.7,.853,0.9,4.7,5.6,2.5,1.9,0.2,1.7,2.3,12.8
Trevor Booker,79, 6-7,240,57,PF,27,UTA,79,5,19.8,2.9,5.9,.487,0.4,1.1,.345,2.5,4.8,.518,.518,1.1,1.9,.581,1.8,3.3,5.0,1.1,0.5,0.5,1.1,1.8,7.2
Trey Burke,72, 6-0,190,71,PG,22,UTA,76,43,30.1,4.9,13.2,.368,1.6,5.1,.318,3.2,8.1,.400,.430,1.4,1.9,.752,0.4,2.3,2.7,4.3,0.9,0.2,1.6,1.6,12.8
Troy Daniels,76, 6-4,200,114,SG,23,TOT,47,0,8.4,1.3,3.5,.370,0.9,2.5,.364,0.4,1.0,.383,.500,0.2,0.3,.846,0.2,0.5,0.7,0.5,0.1,0.0,0.4,0.9,3.7
Ty Lawson,71, 5-11,195,274,PG,27,DEN,75,75,35.5,5.4,12.3,.436,0.9,2.7,.341,4.5,9.6,.463,.474,3.5,4.8,.730,0.6,2.6,3.1,9.6,1.2,0.1,2.5,1.7,15.2
Tyler Hansbrough,81, 6-9,250,195,PF,29,TOR,74,8,14.3,1.2,2.2,.521,0.0,0.1,.143,1.1,2.1,.538,.524,1.3,1.9,.698,1.4,2.1,3.6,0.3,0.4,0.2,0.3,1.9,3.6
Tyreke Evans,78, 6-6,220,147,SG,25,NOP,79,76,34.1,6.6,14.7,.447,0.9,2.9,.304,5.7,11.9,.482,.477,2.6,3.7,.694,1.0,4.2,5.3,6.6,1.3,0.5,3.1,2.5,16.6
Udonis Haslem,80, 6-8,230,203,PF,34,MIA,62,25,16.0,1.7,3.9,.448,0.0,0.2,.200,1.7,3.7,.459,.452,0.7,1.0,.703,1.1,3.0,4.2,0.7,0.3,0.2,0.7,1.8,4.2
Vander Blue,76, 6-4,200,53,SG,22,LAL,2,1,37.0,4.5,15.0,.300,1.0,5.0,.200,3.5,10.0,.350,.333,1.0,2.5,.400,1.0,3.5,4.5,4.0,1.5,0.0,3.0,2.0,11.0
Victor Oladipo,77, 6-5,214,351,SG,22,ORL,72,71,35.7,6.6,15.1,.436,1.2,3.4,.339,5.4,11.6,.464,.474,3.6,4.4,.819,0.7,3.5,4.2,4.1,1.7,0.3,2.8,2.6,17.9
Vince Carter,78, 6-6,215,85,SG,38,MEM,66,1,16.5,2.0,6.2,.333,1.0,3.5,.297,1.0,2.6,.379,.417,0.7,0.9,.789,0.4,1.6,2.0,1.2,0.7,0.2,0.7,1.5,5.8
Wayne Ellington,76, 6-4,200,141,SG,27,LAL,65,36,25.8,3.9,9.5,.412,1.4,3.7,.370,2.5,5.8,.439,.485,0.8,1.0,.813,0.5,2.8,3.2,1.6,0.5,0.0,0.8,1.2,10.0
Wesley Johnson,79, 6-7,205,249,SF,27,LAL,76,59,29.5,3.8,9.1,.414,1.2,3.4,.351,2.6,5.7,.451,.480,1.2,1.5,.804,0.9,3.3,4.2,1.6,0.8,0.6,1.1,2.1,9.9
Wesley Matthews,77, 6-5,220,300,SG,28,POR,60,60,33.7,5.6,12.5,.448,2.9,7.4,.389,2.7,5.1,.534,.563,1.8,2.4,.752,0.6,3.1,3.7,2.3,1.3,0.2,1.4,2.2,15.9
Will Barton,78, 6-6,174,35,SG,24,TOT,58,0,16.9,2.6,6.1,.425,0.4,1.5,.271,2.2,4.6,.474,.458,1.3,1.6,.787,0.4,2.3,2.8,1.4,0.8,0.3,1.1,1.2,6.8
Will Bynum,72, 6-0,185,77,SG,32,WAS,7,0,9.6,1.4,4.4,.323,0.0,1.3,.000,1.4,3.1,.455,.323,0.3,0.6,.500,0.3,0.6,0.9,2.6,0.1,0.1,1.1,1.3,3.1
Willie Green,76, 6-4,200,189,SG,33,ORL,52,2,18.3,2.3,5.9,.386,0.8,2.3,.347,1.5,3.6,.411,.454,0.5,0.7,.824,0.3,1.3,1.5,1.3,0.5,0.1,0.9,1.6,5.9
Wilson Chandler,80, 6-8,220,90,SF,27,DEN,78,75,31.7,5.4,12.5,.429,1.8,5.2,.342,3.6,7.3,.490,.500,1.4,1.8,.775,1.2,4.9,6.1,1.7,0.7,0.4,1.4,3.0,13.9
Zach Randolph,81, 6-9,253,380,PF,33,MEM,71,71,32.5,6.4,13.1,.487,0.1,0.3,.350,6.3,12.8,.490,.491,3.2,4.2,.765,3.2,7.4,10.5,2.2,1.0,0.2,2.2,2.5,16.1
Zaza Pachulia,83, 6-11,240,354,C,30,MIL,73,45,23.7,3.3,7.2,.454,0.0,0.0,.000,3.3,7.2,.456,.454,1.7,2.2,.788,2.7,4.2,6.8,2.4,1.1,0.3,1.8,2.3,8.3
